Year,School Count,Change from Previous Year,Percent Change from Previous Year
2011,241,,
2012,289,48,0.19900
2013,313,24,0.08300
2014,314,1,0.00300
2015,316,2,0.00640
2016,313,-3,-0.00950